[
  {
    "id": "2a21945e-8528-488f-a5dc-b7188805a169",
    "data": [
      {
        "text": "eliminar",
        "userDefined": false
      }
    ],
    "isTemplate": false,
    "count": 0,
    "updated": 1548719784
  },
  {
    "id": "568edf29-6a66-481d-bff8-760e95d2689d",
    "data": [
      {
        "text": "revisar",
        "userDefined": false
      }
    ],
    "isTemplate": false,
    "count": 0,
    "updated": 1548719784
  },
  {
    "id": "a4dac4f1-a375-4fda-936f-82b57d49c0f0",
    "data": [
      {
        "text": "consultar",
        "userDefined": false
      }
    ],
    "isTemplate": false,
    "count": 0,
    "updated": 1548719784
  },
  {
    "id": "92ad5a8d-e4e4-43d9-a10e-d823cd10c525",
    "data": [
      {
        "text": "consultar agendas",
        "userDefined": false
      }
    ],
    "isTemplate": false,
    "count": 0,
    "updated": 1548719784
  },
  {
    "id": "e302608f-6dfc-437c-96d3-4550bcebb709",
    "data": [
      {
        "text": "CHECK",
        "userDefined": false
      }
    ],
    "isTemplate": false,
    "count": 0,
    "updated": 1548719784
  }
]