[
  {
    "id": "9e5c2879-d8e4-4ef3-99b3-7aa33ec5d99a",
    "data": [
      {
        "text": "Empezar",
        "userDefined": false
      }
    ],
    "isTemplate": false,
    "count": 0,
    "updated": 1549657017
  },
  {
    "id": "cb3163bc-8561-42ee-8135-41e4e2c66d89",
    "data": [
      {
        "text": "hola",
        "userDefined": false
      }
    ],
    "isTemplate": false,
    "count": 0,
    "updated": 0
  },
  {
    "id": "0cbd5006-d652-48a2-9fcc-e6a68e8d4f7b",
    "data": [
      {
        "text": "hey",
        "userDefined": false
      }
    ],
    "isTemplate": false,
    "count": 0,
    "updated": 0
  },
  {
    "id": "cbbfb3d2-951c-4edc-8893-4e6f9fda74eb",
    "data": [
      {
        "text": "saludos",
        "userDefined": false
      }
    ],
    "isTemplate": false,
    "count": 0,
    "updated": 0
  },
  {
    "id": "e6574f2e-389f-49ba-8321-d568c5461cd4",
    "data": [
      {
        "text": "hey ho",
        "userDefined": false
      }
    ],
    "isTemplate": false,
    "count": 0,
    "updated": 0
  },
  {
    "id": "4389a238-0bcc-4df6-938a-d4ec14b17840",
    "data": [
      {
        "text": "chao",
        "userDefined": false
      }
    ],
    "isTemplate": false,
    "count": 0,
    "updated": 0
  }
]