[
  {
    "id": "2499a809-275f-4fac-a65b-4953b5727077",
    "data": [
      {
        "text": "ubicación",
        "userDefined": false
      }
    ],
    "isTemplate": false,
    "count": 0,
    "updated": 1549481445
  },
  {
    "id": "34bb4bbd-6f57-4b78-bb75-a6730931f71b",
    "data": [
      {
        "text": "REQUEST_LOCATION",
        "userDefined": false
      }
    ],
    "isTemplate": false,
    "count": 0,
    "updated": 1548875720
  },
  {
    "id": "b49d8164-7677-4a48-9d9a-d2274c79e61f",
    "data": [
      {
        "text": "unidad",
        "alias": "geo-city",
        "meta": "@sys.geo-city",
        "userDefined": false
      },
      {
        "text": " medica",
        "userDefined": false
      }
    ],
    "isTemplate": false,
    "count": 0,
    "updated": 1548875703
  },
  {
    "id": "59a1f1bc-e3ea-434a-840b-1b1175cadd21",
    "data": [
      {
        "text": "unidad",
        "alias": "geo-city",
        "meta": "@sys.geo-city",
        "userDefined": false
      },
      {
        "text": " médica",
        "userDefined": false
      }
    ],
    "isTemplate": false,
    "count": 0,
    "updated": 1548875703
  },
  {
    "id": "9c789e84-71aa-46cc-814c-4e1ed8122ab4",
    "data": [
      {
        "text": "clinica ubicación",
        "userDefined": false
      }
    ],
    "isTemplate": false,
    "count": 0,
    "updated": 1548875703
  }
]