[
  {
    "id": "fc33e880-90fa-4ff2-807f-3c427251cb09",
    "data": [
      {
        "text": "reagendar cita",
        "userDefined": false
      }
    ],
    "isTemplate": false,
    "count": 1,
    "updated": 1549649547
  },
  {
    "id": "cc33f885-4bf8-451b-924a-7dd2e4033126",
    "data": [
      {
        "text": "nueva",
        "meta": "@sys.ignore",
        "userDefined": false
      },
      {
        "text": " cita",
        "userDefined": false
      }
    ],
    "isTemplate": false,
    "count": 0,
    "updated": 1548707228
  },
  {
    "id": "9179c169-ae5b-4f62-b386-421c75ed5845",
    "data": [
      {
        "text": "quiero ",
        "userDefined": false
      },
      {
        "text": "una",
        "meta": "@sys.ignore",
        "userDefined": false
      },
      {
        "text": " cita",
        "userDefined": false
      }
    ],
    "isTemplate": false,
    "count": 0,
    "updated": 1548707228
  },
  {
    "id": "1a73de06-c5c1-4fec-b157-3729a62d9e3b",
    "data": [
      {
        "text": "agendar cita",
        "userDefined": false
      }
    ],
    "isTemplate": false,
    "count": 0,
    "updated": 1548707228
  }
]